Workbook
Name Slicer_Country: #N/A
Name Slicer_Status: #N/A
Name Slicer_Year: #N/A

Sheet Life_expectancy_over_time
A3: Row Labels | B3: Average of Life expectancy
A4: 2000 | B4: 72.6
A5: 2001 | B5: 73.6
A6: 2002 | B6: 73.3
A7: 2003 | B7: 72.8
A8: 2004 | B8: 73
A9: 2005 | B9: 73.5
A10: 2006 | B10: 74.2
A11: 2007 | B11: 75.9
A12: 2008 | B12: 75.3
A13: 2009 | B13: 76.1
A14: 2010 | B14: 76.2
A15: 2011 | B15: 76.6
... A19: 2015 | B19: 77.8
A20: Grand Total | B20: 75.15625

Sheet Life_expectancy_over_status
A3: Row Labels | B3: Average of Life expectancy
A4: Developing | B4: 75.15625
A5: Grand Total | B5: 75.15625

Sheet Average Life Expectancy By Scho
A3: Schooling | B3: Average of Life expectancy
A4: 10-12 | B4: 73.6125
A5: 12-14 | B5: 76.05
A6: 14-16 | B6: 77.35
A7: Grand Total | B7: 75.15625

Sheet KPI CARDS
A3: Average of Life expectancy | B3: Average of Schooling | C3: Average of Adult Mortality | D3: Average of GDP | E3: Average of BMI
A4: 75.15625 | B4: 12.1375 | C4: 45.0625 | D4: 2119.7267 | E4: 49.06875

Sheet Life_expectancy_by_Alcohol
A3: Alcohol_Consumption | B3: Average of Life expectancy
A4: 2-4 | B4: 72.95
A5: 4-6 | B5: 75.471429
A6: Grand Total | B6: 75.15625

Sheet Life_Expectancy_Data
A1: Country | B1: Year | C1: Status | D1: Life expectancy | E1: Adult Mortality | F1: infant deaths | G1: Alcohol | H1: percentage expenditure | I1: Hepatitis B | J1: Measles | K1: BMI | L1: under-five deaths | M1: Polio | N1: Total expenditure | O1: Diphtheria | P1: HIV/AIDS | Q1: GDP | R1: Population | S1: thinness 1-19 years | T1: thinness 5-9 years | U1: Income composition of resources | V1: Schooling
A2: Afghanistan | B2: 2015 | C2: Developing | D2: 65 | E2: 263 | F2: 62 | G2: 0.01 | H2: 71.279624 | I2: 65 | J2: 1154 | K2: 19.1 | L2: 83 | M2: 6 | N2: 8.16 | O2: 65 | P2: 0.1 | Q2: 584.25921 | R2: 33736494 | S2: 17.2 | T2: 17.3 | U2: 0.479 | V2: 10.1
A3: Afghanistan | B3: 2014 | C3: Developing | D3: 59.9 | E3: 271 | F3: 64 | G3: 0.01 | H3: 73.523582 | I3: 62 | J3: 492 | K3: 18.6 | L3: 86 | M3: 58 | N3: 8.18 | O3: 62 | P3: 0.1 | Q3: 612.69651 | R3: 327582 | S3: 17.5 | T3: 17.5 | U3: 0.476 | V3: 10
A4: Afghanistan | B4: 2013 | C4: Developing | D4: 59.9 | E4: 268 | F4: 66 | G4: 0.01 | H4: 73.219243 | I4: 64 | J4: 430 | K4: 18.1 | L4: 89 | M4: 62 | N4: 8.13 | O4: 64 | P4: 0.1 | Q4: 631.74498 | R4: 31731688 | S4: 17.7 | T4: 17.7 | U4: 0.47 | V4: 9.9 | Z4: Var | AA4: CORRELATION WITH LIFE EXPECTANCY
A5: Afghanistan | B5: 2012 | C5: Developing | D5: 59.5 | E5: 272 | F5: 69 | G5: 0.01 | H5: 78.184215 | I5: 67 | J5: 2787 | K5: 17.6 | L5: 93 | M5: 67 | N5: 8.52 | O5: 67 | P5: 0.1 | Q5: 669.959 | R5: 3696958 | S5: 17.9 | T5: 18 | U5: 0.463 | V5: 9.8 | AA5: =CORREL(D2:D2939, E2:E2939) -> -0.69635931
A6: Afghanistan | B6: 2011 | C6: Developing | D6: 59.2 | E6: 275 | F6: 71 | G6: 0.01 | H6: 7.0971087 | I6: 68 | J6: 3013 | K6: 17.2 | L6: 97 | M6: 68 | N6: 7.87 | O6: 68 | P6: 0.1 | Q6: 63.537231 | R6: 2978599 | S6: 18.2 | T6: 18.2 | U6: 0.454 | V6: 9.5
A7: Afghanistan | B7: 2010 | C7: Developing | D7: 58.8 | E7: 279 | F7: 74 | G7: 0.01 | H7: 79.679367 | I7: 66 | J7: 1989 | K7: 16.7 | L7: 102 | M7: 66 | N7: 9.2 | O7: 66 | P7: 0.1 | Q7: 553.32894 | R7: 2883167 | S7: 18.4 | T7: 18.4 | U7: 0.448 | V7: 9.2
A8: Afghanistan | B8: 2009 | C8: Developing | D8: 58.6 | E8: 281 | F8: 77 | G8: 0.01 | H8: 56.762217 | I8: 63 | J8: 2861 | K8: 16.2 | L8: 106 | M8: 63 | N8: 9.42 | O8: 63 | P8: 0.1 | Q8: 445.8933 | R8: 284331 | S8: 18.6 | T8: 18.7 | U8: 0.434 | V8: 8.9
A9: Afghanistan | B9: 2008 | C9: Developing | D9: 58.1 | E9: 287 | F9: 80 | G9: 0.03 | H9: 25.873925 | I9: 64 | J9: 1599 | K9: 15.7 | L9: 110 | M9: 64 | N9: 8.33 | O9: 64 | P9: 0.1 | Q9: 373.36112 | R9: 2729431 | S9: 18.8 | T9: 18.9 | U9: 0.433 | V9: 8.7
A10: Afghanistan | B10: 2007 | C10: Developing | D10: 57.5 | E10: 295 | F10: 82 | G10: 0.02 | H10: 10.910156 | I10: 63 | J10: 1141 | K10: 15.2 | L10: 113 | M10: 63 | N10: 6.73 | O10: 63 | P10: 0.1 | Q10: 369.8358 | R10: 26616792 | S10: 19 | T10: 19.1 | U10: 0.415 | V10: 8.4
A11: Afghanistan | B11: 2006 | C11: Developing | D11: 57.3 | E11: 295 | F11: 84 | G11: 0.03 | H11: 17.171518 | I11: 64 | J11: 1990 | K11: 14.7 | L11: 116 | M11: 58 | N11: 7.43 | O11: 58 | P11: 0.1 | Q11: 272.56377 | R11: 2589345 | S11: 19.2 | T11: 19.3 | U11: 0.405 | V11: 8.1
A12: Afghanistan | B12: 2005 | C12: Developing | D12: 57.3 | E12: 291 | F12: 85 | G12: 0.02 | H12: 1.3886477 | I12: 66 | J12: 1296 | K12: 14.2 | L12: 118 | M12: 58 | N12: 8.7 | O12: 58 | P12: 0.1 | Q12: 25.29413 | R12: 257798 | S12: 19.3 | T12: 19.5 | U12: 0.396 | V12: 7.9
A13: Afghanistan | B13: 2004 | C13: Developing | D13: 57 | E13: 293 | F13: 87 | G13: 0.02 | H13: 15.296066 | I13: 67 | J13: 466 | K13: 13.8 | L13: 120 | M13: 5 | N13: 8.79 | O13: 5 | P13: 0.1 | Q13: 219.14135 | R13: 24118979 | S13: 19.5 | T13: 19.7 | U13: 0.381 | V13: 6.8
A14: Afghanistan | B14: 2003 | C14: Developing | D14: 56.7 | E14: 295 | F14: 87 | G14: 0.01 | H14: 11.089053 | I14: 65 | J14: 798 | K14: 13.4 | L14: 122 | M14: 41 | N14: 8.82 | O14: 41 | P14: 0.1 | Q14: 198.72854 | R14: 2364851 | S14: 19.7 | T14: 19.9 | U14: 0.373 | V14: 6.5
A15: Afghanistan | B15: 2002 | C15: Developing | D15: 56.2 | E15: 3 | F15: 88 | G15: 0.01 | H15: 16.887351 | I15: 64 | J15: 2486 | K15: 13 | L15: 122 | M15: 36 | N15: 7.76 | O15: 36 | P15: 0.1 | Q15: 187.84595 | R15: 21979923 | S15: 19.9 | T15: 2.2 | U15: 0.341 | V15: 6.2
A16: Afghanistan | B16: 2001 | C16: Developing | D16: 55.3 | E16: 316 | F16: 88 | G16: 0.01 | H16: 10.574728 | I16: 63 | J16: 8762 | K16: 12.6 | L16: 122 | M16: 35 | N16: 7.8 | O16: 33 | P16: 0.1 | Q16: 117.49698 | R16: 2966463 | S16: 2.1 | T16: 2.4 | U16: 0.34 | V16: 5.9
A17: Afghanistan | B17: 2000 | C17: Developing | D17: 54.8 | E17: 321 | F17: 88 | G17: 0.01 | H17: 10.42496 | I17: 62 | J17: 6532 | K17: 12.2 | L17: 122 | M17: 24 | N17: 8.2 | O17: 24 | P17: 0.1 | Q17: 114.56 | R17: 293756 | S17: 2.3 | T17: 2.5 | U17: 0.338 | V17: 5.5
... A2939: Zimbabwe | B2939: 2000 | C2939: Developing | D2939: 46 | E2939: 665 | F2939: 24 | G2939: 1.68 | H2939: 0 | I2939: 79 | J2939: 1483 | K2939: 25.5 | L2939: 39 | M2939: 78 | N2939: 7.1 | O2939: 78 | P2939: 43.5 | Q2939: 547.35888 | R2939: 12222251 | S2939: 11 | T2939: 11.2 | U2939: 0.434 | V2939: 9.8

Sheet Correlation_table
A1: VARIABLE | B1: CORRELATION WITH LIFE EXPECTANCY
A2: Adult Mortality | B2: =CORREL(Life_Expectancy_Data!$D$2:$D$2939,Life_Expectancy_Data!$E$2:E2939) -> -0.69635931
A3: Infant Death | B3: =CORREL(Life_Expectancy_Data!$D$2:D2939,Life_Expectancy_Data!$F$2:$F$2939) -> -0.19653271
A4: Under 5 Death | B4: =CORREL(Life_Expectancy_Data!$D$2:$D$2939,Life_Expectancy_Data!$L$2:$L$2939) -> -0.22250068
A5: Hepatitis B | B5: =CORREL(Life_Expectancy_Data!$D$2:$D$2939,Life_Expectancy_Data!I2:I2939) -> 0.20388349
A6: Measels | B6: =CORREL(Life_Expectancy_Data!$D$2:$D$2939,Life_Expectancy_Data!J2:J2939) -> -0.15757193
A7: Polio | B7: =CORREL(Life_Expectancy_Data!$D$2:$D$2939,Life_Expectancy_Data!M2:M2939) -> 0.46158714
A8: Diptheria | B8: =CORREL(Life_Expectancy_Data!$D$2:$D$2939,Life_Expectancy_Data!O2:O2939) -> 0.47542453
A9: HIV/AIDS | B9: =CORREL(Life_Expectancy_Data!D2:D2939,Life_Expectancy_Data!P2:P2939) -> -0.55645392
A10: GDP | B10: =CORREL(Life_Expectancy_Data!$D$2:$D$2939,Life_Expectancy_Data!Q2:Q2939) -> 0.43049494
A11: Schooling | B11: =CORREL(Life_Expectancy_Data!$D$2:$D$2939,Life_Expectancy_Data!V2:V2939) -> 0.71504414

Sheet Dashboard_sheet
A1: Average Life Expectancy | B1: Average of Schooling | C1: Average of Adult Mortality | D1: Average of GDP | E1: Average of BMI | G1: VARIABLE | H1: =Correlation_table!B1 -> CORRELATION WITH LIFE EXPECTANCY
G2: Adult Mortality | H2: =Correlation_table!B2 -> -0.69635931
A3: ='KPI CARDS'!A4 -> 75.15625 | B3: ='KPI CARDS'!B4 -> 12.1375 | C3: ='KPI CARDS'!C4 -> 45.0625 | D3: ='KPI CARDS'!D4 -> 2119.7267 | E3: ='KPI CARDS'!E4 -> 49.06875 | G3: Infant Death | H3: =Correlation_table!B3 -> -0.19653271
G4: Under 5 Death | H4: =Correlation_table!B4 -> -0.22250068
G5: Hepatitis B | H5: =Correlation_table!B5 -> 0.20388349
G6: Measels | H6: =Correlation_table!B6 -> -0.15757193
G7: Polio | H7: =Correlation_table!B7 -> 0.46158714
G8: Diptheria | H8: =Correlation_table!B8 -> 0.47542453
G9: HIV/AIDS | H9: =Correlation_table!B9 -> -0.55645392
G10: GDP | H10: =Correlation_table!B10 -> 0.43049494
G11: Schooling | H11: =Correlation_table!B11 -> 0.71504414
